"Gene","Count","Tissue","Patient ID","Data File ID"
"ENSG00000285405","0","Cerebellum","NEUYX020CB0","CGND-HRA-00386"
"ENSG00000285405","0","Cerebellum","NEUYY221HZA","CGND-HRA-00724"
"ENSG00000285405","0","Cerebellum","NEUZB953VCD","CGND-HRA-00598"
"ENSG00000285405","0","Cerebellum","NEUZK186ZK4","CGND-HRA-00202"
"ENSG00000285405","1","Cerebellum","NEUZU200WEQ","CGND-HRA-00071"
"ENSG00000285405","0","Cerebellum","NEUZV622ZHF","CGND-HRA-00636"
"ENSG00000285405","0","Cerebellum","NEUZX073BDK","CGND-HRA-00372"
"ENSG00000285405","0","Cerebellum","NEUZX847VWV-NEUWR459TCY","CGND-HRA-01556"
"ENSG00000282599","0","Cerebellum","GWF14-01","CGND-HRA-00295"
"ENSG00000282599","0","Cerebellum","JHU10","CGND-HRA-00106"
"ENSG00000282599","0","Cerebellum","JHU12","CGND-HRA-00108"
"ENSG00000282599","0","Cerebellum","JHU14","CGND-HRA-00110"
"ENSG00000282599","0","Cerebellum","JHU15","CGND-HRA-00111"
"ENSG00000282599","0","Cerebellum","JHU21","CGND-HRA-00117-2"
"ENSG00000282599","0","Cerebellum","JHU22","CGND-HRA-00118"
"ENSG00000282599","0","Cerebellum","JHU25","CGND-HRA-00121"
"ENSG00000282599","0","Cerebellum","JHU29","CGND-HRA-00125"
"ENSG00000282599","0","Cerebellum","JHU3","CGND-HRA-00099"
"ENSG00000282599","0","Cerebellum","JHU30","CGND-HRA-00126"
"ENSG00000282599","0","Cerebellum","JHU32","CGND-HRA-00128"
"ENSG00000282599","0","Cerebellum","JHU34","CGND-HRA-00130"
"ENSG00000282599","0","Cerebellum","JHU4","CGND-HRA-00100"
"ENSG00000282599","0","Cerebellum","JHU44","CGND-HRA-00140"
"ENSG00000282599","0","Cerebellum","JHU45","CGND-HRA-00141"
"ENSG00000282599","0","Cerebellum","JHU46","CGND-HRA-00142"
"ENSG00000282599","0","Cerebellum","JHU47","CGND-HRA-00143"
"ENSG00000282599","0","Cerebellum","JHU5","CGND-HRA-00101"
"ENSG00000282599","0","Cerebellum","JHU50","CGND-HRA-00146"
"ENSG00000282599","0","Cerebellum","JHU55","CGND-HRA-00151"
"ENSG00000282599","0","Cerebellum","JHU58","CGND-HRA-00154"
"ENSG00000282599","0","Cerebellum","JHU60","CGND-HRA-00156"
"ENSG00000282599","0","Cerebellum","JHU63","CGND-HRA-00159"
"ENSG00000282599","0","Cerebellum","JHU70","CGND-HRA-00166"
"ENSG00000282599","0","Cerebellum","JHU72","CGND-HRA-00168"
"ENSG00000282599","0","Cerebellum","JHU73","CGND-HRA-00169"
"ENSG00000282599","0","Cerebellum","JHU73","CGND-HRA-00523"
"ENSG00000282599","0","Cerebellum","JHU74","CGND-HRA-00170"
"ENSG00000282599","0","Cerebellum","JHU79","CGND-HRA-00175"
"ENSG00000282599","0","Cerebellum","JHU79","CGND-HRA-00525"
"ENSG00000282599","0","Cerebellum","JHU8","CGND-HRA-00104"
"ENSG00000282599","0","Cerebellum","JHU80","CGND-HRA-00566"
"ENSG00000282599","0","Cerebellum","JHU82","CGND-HRA-00178"
"ENSG00000282599","0","Cerebellum","JHU82","CGND-HRA-00531"
"ENSG00000282599","0","Cerebellum","JHU83","CGND-HRA-00179"
"ENSG00000282599","0","Cerebellum","JHU83","CGND-HRA-00532"
"ENSG00000282599","0","Cerebellum","NEUAA712LGL","CGND-HRA-03025"
"ENSG00000282599","0","Cerebellum","NEUAE883HW3","CGND-HRA-02642"
"ENSG00000282599","0","Cerebellum","NEUAG831KFQ","CGND-HRA-01430"
"ENSG00000282599","0","Cerebellum","NEUAJ995AXE","CGND-HRA-02468"
"ENSG00000282599","0","Cerebellum","NEUAL503EPH","CGND-HRA-01303"
"ENSG00000282599","0","Cerebellum","NEUAL503EPH","CGND-HRA-03600"
"ENSG00000282599","0","Cerebellum","NEUAP156PM4","CGND-HRA-00183"
"ENSG00000282599","0","Cerebellum","NEUAP156PM4","CGND-HRA-00534"
"ENSG00000282599","0","Cerebellum","NEUAT369TG5","CGND-HRA-00333"
"ENSG00000282599","0","Cerebellum","NEUAV181KYK","CGND-HRA-02407"
"ENSG00000282599","0","Cerebellum","NEUAV667LJK","CGND-HRA-00341"
"ENSG00000282599","0","Cerebellum","NEUAY067UTB","CGND-HRA-00746"
"ENSG00000282599","0","Cerebellum","NEUBB078VEG","CGND-HRA-01319"
"ENSG00000282599","0","Cerebellum","NEUBD692FG6","CGND-HRA-03324"
"ENSG00000282599","0","Cerebellum","NEUBE992ZD1","CGND-HRA-01606"
"ENSG00000282599","0","Cerebellum","NEUBN400CYR","CGND-HRA-03415"
"ENSG00000282599","0","Cerebellum","NEUBU587UWA","CGND-HRA-02238"
"ENSG00000282599","0","Cerebellum","NEUBU920EK5","CGND-HRA-03312"
"ENSG00000282599","0","Cerebellum","NEUCG551GV1","CGND-HRA-00469"
"ENSG00000282599","0","Cerebellum","NEUCN416KGV","CGND-HRA-02250"
"ENSG00000282599","0","Cerebellum","NEUCP856ZH7","CGND-HRA-03307"
"ENSG00000282599","0","Cerebellum","NEUCV649UJK","CGND-HRA-00722"
"ENSG00000282599","0","Cerebellum","NEUCW292DYJ","CGND-HRA-00727"
"ENSG00000282599","0","Cerebellum","NEUCY461UB1","CGND-HRA-03045"
"ENSG00000282599","0","Cerebellum","NEUDA151YMK","CGND-HRA-00593"
"ENSG00000282599","0","Cerebellum","NEUDD512DJM","CGND-HRA-03463"
"ENSG00000282599","0","Cerebellum","NEUDG361GA9","CGND-HRA-00208"
"ENSG00000282599","0","Cerebellum","NEUDG727NTW","CGND-HRA-00428"
"ENSG00000282599","0","Cerebellum","NEUDH441CDB","CGND-HRA-03389"
"ENSG00000282599","0","Cerebellum","NEUDJ612NZM","CGND-HRA-02474"
"ENSG00000282599","0","Cerebellum","NEUDK592BDZ","CGND-HRA-02149"
"ENSG00000282599","0","Cerebellum","NEUDM397JGD","CGND-HRA-00205"
"ENSG00000282599","0","Cerebellum","NEUDR086ZDQ","CGND-HRA-00207"
"ENSG00000282599","0","Cerebellum","NEUDT233ZZ1","CGND-HRA-00422"
"ENSG00000282599","1","Cerebellum","NEUDT709YHN","CGND-HRA-01650"
"ENSG00000282599","0","Cerebellum","NEUDX768ADY","CGND-HRA-02797"
"ENSG00000282599","0","Cerebellum","NEUEA633EN5","CGND-HRA-00671"
"ENSG00000282599","0","Cerebellum","NEUEB569WFU","CGND-HRA-01421"
"ENSG00000282599","0","Cerebellum","NEUEC006FND","CGND-HRA-00073"
"ENSG00000282599","0","Cerebellum","NEUEE362LGE","CGND-HRA-01632"
"ENSG00000282599","0","Cerebellum","NEUEE593VY7","CGND-HRA-00404"
"ENSG00000282599","0","Cerebellum","NEUEF397VVN","CGND-HRA-00303"
"ENSG00000282599","0","Cerebellum","NEUEF856BLV","CGND-HRA-00465"
"ENSG00000282599","0","Cerebellum","NEUEG442LDR","CGND-HRA-00667"
"ENSG00000282599","0","Cerebellum","NEUEH612JPA","CGND-HRA-00542"
"ENSG00000282599","0","Cerebellum","NEUEL133AK6","CGND-HRA-00069"
"ENSG00000282599","0","Cerebellum","NEUEL766XR1","CGND-HRA-03485"
"ENSG00000282599","0","Cerebellum","NEUEM417CHQ","CGND-HRA-02507-2"
"ENSG00000282599","0","Cerebellum","NEUEP010ZFE","CGND-HRA-01178"
"ENSG00000282599","0","Cerebellum","NEUFE255AG2","CGND-HRA-00486"
"ENSG00000282599","0","Cerebellum","NEUFF179PPT","CGND-HRA-00492"
"ENSG00000282599","0","Cerebellum","NEUFN693AHN","CGND-HRA-02741"
"ENSG00000282599","0","Cerebellum","NEUFT454ZFP","CGND-HRA-00203"
"ENSG00000282599","0","Cerebellum","NEUFU395MJD","CGND-HRA-03057"
"ENSG00000282599","0","Cerebellum","NEUFV843EVC","CGND-HRA-01504"
"ENSG00000282599","0","Cerebellum","NEUFY271WFL","CGND-HRA-03271"
"ENSG00000282599","0","Cerebellum","NEUGA773REC","CGND-HRA-00081"
"ENSG00000282599","0","Cerebellum","NEUGD051YM7","CGND-HRA-02432"
"ENSG00000282599","0","Cerebellum","NEUGD887RT1","CGND-HRA-01492-2"
"ENSG00000282599","0","Cerebellum","NEUGG230KV0","CGND-HRA-02438"
"ENSG00000282599","0","Cerebellum","NEUGJ562DR9","CGND-HRA-02515"
"ENSG00000282599","0","Cerebellum","NEUGJ583BEE","CGND-HRA-01184-2"
"ENSG00000282599","0","Cerebellum","NEUGK141CFH","CGND-HRA-01173"
"ENSG00000282599","0","Cerebellum","NEUGL022MN2","CGND-HRA-01585"
"ENSG00000282599","0","Cerebellum","NEUGP259EBV","CGND-HRA-01443"
"ENSG00000282599","0","Cerebellum","NEUGT049MJ1","CGND-HRA-02909"
"ENSG00000282599","0","Cerebellum","NEUGU437VNF","CGND-HRA-01422"
"ENSG00000282599","0","Cerebellum","NEUGV102NYT","CGND-HRA-01975"
"ENSG00000282599","0","Cerebellum","NEUGV399KJW","CGND-HRA-00365"
"ENSG00000282599","0","Cerebellum","NEUGY575NUQ","CGND-HRA-00585"
"ENSG00000282599","0","Cerebellum","NEUGY741GH8","CGND-HRA-00480"
"ENSG00000282599","0","Cerebellum","NEUHC282LVJ","CGND-HRA-00077"
"ENSG00000282599","1","Cerebellum","NEUHC994KV4","CGND-HRA-02232"
"ENSG00000282599","0","Cerebellum","NEUHD481VCL","CGND-HRA-00206"
"ENSG00000282599","0","Cerebellum","NEUHJ609AXD","CGND-HRA-03501"
"ENSG00000282599","0","Cerebellum","NEUHM340FBZ","CGND-HRA-00706"
"ENSG00000282599","1","Cerebellum","NEUHM399CBL","CGND-HRA-01561"
"ENSG00000282599","0","Cerebellum","NEUHR385WC6","CGND-HRA-03318"
"ENSG00000282599","0","Cerebellum","NEUHT948VAD","CGND-HRA-03457"
"ENSG00000282599","0","Cerebellum","NEUHX090PGV","CGND-HRA-00643"
"ENSG00000282599","0","Cerebellum","NEUJF556NPE","CGND-HRA-03336"
"ENSG00000282599","0","Cerebellum","NEUJL308UBK","CGND-HRA-01350"
"ENSG00000282599","0","Cerebellum","NEUJR587KPC","CGND-HRA-02226-2"
"ENSG00000282599","0","Cerebellum","NEUJT167ZDX","CGND-HRA-03277"
"ENSG00000282599","0","Cerebellum","NEUJV725KH1","CGND-HRA-03013"
"ENSG00000282599","0","Cerebellum","NEUJW763EK7","CGND-HRA-03283"
"ENSG00000282599","0","Cerebellum","NEUJZ255ZC5","CGND-HRA-00076"
"ENSG00000282599","0","Cerebellum","NEUKD974CXJ","CGND-HRA-01413"
"ENSG00000282599","0","Cerebellum","NEUKG838WER","CGND-HRA-01579"
"ENSG00000282599","0","Cerebellum","NEUKH671TD4","CGND-HRA-02256"
"ENSG00000282599","0","Cerebellum","NEUKJ257ZPG","CGND-HRA-01573"
"ENSG00000282599","0","Cerebellum","NEUKJ976GGT","CGND-HRA-03004"
"ENSG00000282599","1","Cerebellum","NEUKM699KKH","CGND-HRA-00074"
"ENSG00000282599","0","Cerebellum","NEUKN179PH8","CGND-HRA-02142"
"ENSG00000282599","0","Cerebellum","NEUKN179PH8","CGND-HRA-03607"
"ENSG00000282599","0","Cerebellum","NEUKN209FNW","CGND-HRA-01362"
"ENSG00000282599","0","Cerebellum","NEUKT470MVZ","CGND-HRA-02456"
"ENSG00000282599","0","Cerebellum","NEUKV592NUT","CGND-HRA-01616"
"ENSG00000282599","0","Cerebellum","NEUKX037NKA","CGND-HRA-00182"
"ENSG00000282599","0","Cerebellum","NEUKX037NKA","CGND-HRA-00533"
"ENSG00000282599","0","Cerebellum","NEUKY135CV6","CGND-HRA-00380"
"ENSG00000282599","0","Cerebellum","NEUKZ647RCA","CGND-HRA-03348"
"ENSG00000282599","0","Cerebellum","NEUKZ727YY5","CGND-HRA-01622"
"ENSG00000282599","0","Cerebellum","NEULA285XJ0","CGND-HRA-01625"
"ENSG00000282599","0","Cerebellum","NEULH417FZJ","CGND-HRA-01278"
"ENSG00000282599","0","Cerebellum","NEULH901PYF","CGND-HRA-00726"
"ENSG00000282599","0","Cerebellum","NEULJ443PF5","CGND-HRA-01467"
"ENSG00000282599","0","Cerebellum","NEULN488RD5","CGND-HRA-00731"
"ENSG00000282599","0","Cerebellum","NEULP959LBP","CGND-HRA-01544"
"ENSG00000282599","0","Cerebellum","NEULT268RM4","CGND-HRA-00719"
"ENSG00000282599","0","Cerebellum","NEULV114EY9","CGND-HRA-01982"
"ENSG00000282599","0","Cerebellum","NEULV205HP5","CGND-HRA-03445"
"ENSG00000282599","1","Cerebellum","NEUME287RK2","CGND-HRA-00072"
"ENSG00000234771","423","Cerebellum","NEUWD570BTK","CGND-HRA-01378"
"ENSG00000282599","0","Cerebellum","NEUMG691WPH","CGND-HRA-03474"
"ENSG00000282599","0","Cerebellum","NEUMH687NCM","CGND-HRA-03396"
"ENSG00000282599","0","Cerebellum","NEUMJ990MCW","CGND-HRA-03301"
"ENSG00000282599","0","Cerebellum","NEUMK638LUX","CGND-HRA-00549"
"ENSG00000282599","0","Cerebellum","NEUML172BXK","CGND-HRA-00197"
"ENSG00000282599","0","Cerebellum","NEUMM043VF4","CGND-HRA-02444"
"ENSG00000282599","0","Cerebellum","NEUMP035RP4","CGND-HRA-00204"
"ENSG00000282599","0","Cerebellum","NEUMT947ALA","CGND-HRA-00392"
"ENSG00000282599","0","Cerebellum","NEUMV641VYK","CGND-HRA-00410"
"ENSG00000282599","0","Cerebellum","NEUMY028JH4","CGND-HRA-01354"
"ENSG00000282599","0","Cerebellum","NEUNE163HV9","CGND-HRA-02912"
"ENSG00000282599","0","Cerebellum","NEUNE940RZC","CGND-HRA-00398"
"ENSG00000282599","0","Cerebellum","NEUNL548ZBN","CGND-HRA-00730"
"ENSG00000282599","0","Cerebellum","NEUNL974RU6","CGND-HRA-00620"
"ENSG00000282599","0","Cerebellum","NEUNW210GCW","CGND-HRA-00082"
"ENSG00000282599","0","Cerebellum","NEUNW244GF0","CGND-HRA-00349"
"ENSG00000282599","0","Cerebellum","NEUNY116EZW","CGND-HRA-00713"
"ENSG00000282599","0","Cerebellum","NEUNY116EZW","CGND-HRA-01480"
"ENSG00000282599","0","Cerebellum","NEUPG593UTV","CGND-HRA-03051"
"ENSG00000282599","0","Cerebellum","NEUPG876HJT","CGND-HRA-02163"
"ENSG00000282599","0","Cerebellum","NEUPH726JJJ","CGND-HRA-03439"
"ENSG00000282599","0","Cerebellum","NEUPK732LNT","CGND-HRA-00725"
"ENSG00000282599","0","Cerebellum","NEUPM864FBE","CGND-HRA-01613"
"ENSG00000282599","0","Cerebellum","NEUPU334DL1","CGND-HRA-01370"
"ENSG00000282599","0","Cerebellum","NEURA496RM8","CGND-HRA-03408"
"ENSG00000282599","0","Cerebellum","NEURD419AFL","CGND-HRA-03037"
"ENSG00000282599","0","Cerebellum","NEURD711XCL","CGND-HRA-00721"
"ENSG00000282599","0","Cerebellum","NEURJ886YZU","CGND-HRA-01510-2"
"ENSG00000282599","0","Cerebellum","NEURK749WFB","CGND-HRA-00729"
"ENSG00000282599","0","Cerebellum","NEURN516YR8","CGND-HRA-00720"
"ENSG00000282599","0","Cerebellum","NEURW761XNG","CGND-HRA-01451"
"ENSG00000282599","0","Cerebellum","NEURX991BWB","CGND-HRA-00618"
"ENSG00000282599","0","Cerebellum","NEURY396DC4","CGND-HRA-01603"
"ENSG00000282599","1","Cerebellum","NEURY468PVP","CGND-HRA-02244"
"ENSG00000282599","0","Cerebellum","NEUTB398FC9","CGND-HRA-00434"
"ENSG00000282599","0","Cerebellum","NEUTC015WBG","CGND-HRA-02500"
"ENSG00000282599","0","Cerebellum","NEUTC651YRK","CGND-HRA-01591-2"
"ENSG00000282599","0","Cerebellum","NEUTD254HL0","CGND-HRA-01516"
"ENSG00000282599","0","Cerebellum","NEUTL441LZ7","CGND-HRA-00319"
"ENSG00000282599","0","Cerebellum","NEUTL588HAA","CGND-HRA-01459"
"ENSG00000282599","0","Cerebellum","NEUTN269WMP","CGND-HRA-03031"
"ENSG00000282599","0","Cerebellum","NEUTP019MY9","CGND-HRA-00357"
"ENSG00000282599","0","Cerebellum","NEUTP414KZ2","CGND-HRA-00196"
"ENSG00000282599","0","Cerebellum","NEUTR110WRK","CGND-HRA-02533"
"ENSG00000282599","0","Cerebellum","NEUTZ062XC5","CGND-HRA-00653"
"ENSG00000282599","0","Cerebellum","NEUTZ242FYW","CGND-HRA-02486"
"ENSG00000282599","0","Cerebellum","NEUUE532LFF","CGND-HRA-00723"
"ENSG00000282599","0","Cerebellum","NEUUF289NRL","CGND-HRA-01366"
"ENSG00000282599","0","Cerebellum","NEUUK557CZW","CGND-HRA-00475"
"ENSG00000282599","0","Cerebellum","NEUUW406NWF","CGND-HRA-03491"
"ENSG00000282599","0","Cerebellum","NEUUW911LWA","CGND-HRA-00538"
"ENSG00000282599","0","Cerebellum","NEUUY552RBK","CGND-HRA-01644"
"ENSG00000282599","1","Cerebellum","NEUUZ212DHJ","CGND-HRA-03019"
"ENSG00000282599","0","Cerebellum","NEUVB305VU7","CGND-HRA-00194"
"ENSG00000282599","0","Cerebellum","NEUVE818GRA","CGND-HRA-03063"
"ENSG00000282599","0","Cerebellum","NEUVM032BF2","CGND-HRA-02632"
"ENSG00000282599","0","Cerebellum","NEUVZ387WGH","CGND-HRA-00326"
"ENSG00000282599","0","Cerebellum","NEUWC334RTZ","CGND-HRA-01372"
"ENSG00000282599","0","Cerebellum","NEUWD570BTK","CGND-HRA-01378"
"ENSG00000282599","0","Cerebellum","NEUWG326WUJ","CGND-HRA-01619"
"ENSG00000282599","0","Cerebellum","NEUWG523WRV","CGND-HRA-00639-2"
"ENSG00000282599","0","Cerebellum","NEUWK953TJN","CGND-HRA-02450"
"ENSG00000282599","0","Cerebellum","NEUWL993GU2","CGND-HRA-00676"
"ENSG00000282599","0","Cerebellum","NEUWP285RM6","CGND-HRA-00416"
"ENSG00000282599","0","Cerebellum","NEUWT414AYT","CGND-HRA-02181"
"ENSG00000282599","0","Cerebellum","NEUWX051HMF","CGND-HRA-01442"
"ENSG00000282599","0","Cerebellum","NEUWX086DGZ","CGND-HRA-00075"
"ENSG00000282599","0","Cerebellum","NEUWZ373ZHA","CGND-HRA-00311"
"ENSG00000282599","0","Cerebellum","NEUXD265LJ8","CGND-HRA-01657"
"ENSG00000282599","0","Cerebellum","NEUXD817GGZ","CGND-HRA-00718"
"ENSG00000282599","0","Cerebellum","NEUXD817GGZ","CGND-HRA-02220"
"ENSG00000282599","0","Cerebellum","NEUXF746MEU","CGND-HRA-02462"
"ENSG00000282599","0","Cerebellum","NEUXR145UBL","CGND-HRA-01358"
"ENSG00000282599","0","Cerebellum","NEUXT258BD4","CGND-HRA-00728"
"ENSG00000282599","0","Cerebellum","NEUXT979EZV","CGND-HRA-00078"
"ENSG00000282599","0","Cerebellum","NEUXV447YXF","CGND-HRA-03421"
"ENSG00000282599","0","Cerebellum","NEUXW599BNC","CGND-HRA-01311"
"ENSG00000282599","0","Cerebellum","NEUXY076JMB","CGND-HRA-00662"
"ENSG00000282599","0","Cerebellum","NEUYB686REL","CGND-HRA-00079"
"ENSG00000282599","0","Cerebellum","NEUYE611NWL","CGND-HRA-03330"
"ENSG00000282599","0","Cerebellum","NEUYJ579GT6","CGND-HRA-02175"
"ENSG00000282599","0","Cerebellum","NEUYM351YP3","CGND-HRA-02480"
"ENSG00000282599","0","Cerebellum","NEUYT145HVC","CGND-HRA-02156"
"ENSG00000282599","0","Cerebellum","NEUYT145HVC","CGND-HRA-03614"
"ENSG00000282599","0","Cerebellum","NEUYV496XLP","CGND-HRA-00070"
"ENSG00000282599","0","Cerebellum","NEUYW563PXU","CGND-HRA-02493-2"
"ENSG00000282599","0","Cerebellum","NEUYX020CB0","CGND-HRA-00386"
"ENSG00000282599","0","Cerebellum","NEUYY221HZA","CGND-HRA-00724"
"ENSG00000282599","0","Cerebellum","NEUZB953VCD","CGND-HRA-00598"
"ENSG00000282599","0","Cerebellum","NEUZK186ZK4","CGND-HRA-00202"
"ENSG00000282599","0","Cerebellum","NEUZU200WEQ","CGND-HRA-00071"
"ENSG00000282599","0","Cerebellum","NEUZV622ZHF","CGND-HRA-00636"
"ENSG00000282599","0","Cerebellum","NEUZX073BDK","CGND-HRA-00372"
"ENSG00000282599","0","Cerebellum","NEUZX847VWV-NEUWR459TCY","CGND-HRA-01556"
"ENSG00000270505","5","Cerebellum","GWF14-01","CGND-HRA-00295"
"ENSG00000270505","5","Cerebellum","JHU10","CGND-HRA-00106"
"ENSG00000270505","0","Cerebellum","JHU12","CGND-HRA-00108"
"ENSG00000270505","0","Cerebellum","JHU14","CGND-HRA-00110"
"ENSG00000270505","0","Cerebellum","JHU15","CGND-HRA-00111"
"ENSG00000270505","0","Cerebellum","JHU21","CGND-HRA-00117-2"
"ENSG00000270505","1","Cerebellum","JHU22","CGND-HRA-00118"
"ENSG00000270505","1","Cerebellum","JHU25","CGND-HRA-00121"
"ENSG00000270505","10","Cerebellum","JHU29","CGND-HRA-00125"
"ENSG00000270505","1","Cerebellum","JHU3","CGND-HRA-00099"
"ENSG00000270505","1","Cerebellum","JHU30","CGND-HRA-00126"
"ENSG00000270505","2","Cerebellum","JHU32","CGND-HRA-00128"
"ENSG00000270505","0","Cerebellum","JHU34","CGND-HRA-00130"
"ENSG00000270505","0","Cerebellum","JHU4","CGND-HRA-00100"
"ENSG00000270505","2","Cerebellum","JHU44","CGND-HRA-00140"
"ENSG00000270505","0","Cerebellum","JHU45","CGND-HRA-00141"
"ENSG00000270505","1","Cerebellum","JHU46","CGND-HRA-00142"
"ENSG00000270505","4","Cerebellum","JHU47","CGND-HRA-00143"
"ENSG00000270505","0","Cerebellum","JHU5","CGND-HRA-00101"
"ENSG00000270505","7","Cerebellum","JHU50","CGND-HRA-00146"
"ENSG00000270505","9","Cerebellum","JHU55","CGND-HRA-00151"
"ENSG00000270505","0","Cerebellum","JHU58","CGND-HRA-00154"
"ENSG00000270505","29","Cerebellum","JHU60","CGND-HRA-00156"
"ENSG00000270505","1","Cerebellum","JHU70","CGND-HRA-00166"
"ENSG00000270505","0","Cerebellum","JHU72","CGND-HRA-00168"
"ENSG00000270505","4","Cerebellum","JHU73","CGND-HRA-00169"
"ENSG00000270505","1","Cerebellum","JHU73","CGND-HRA-00523"
"ENSG00000270505","0","Cerebellum","JHU74","CGND-HRA-00170"
"ENSG00000270505","4","Cerebellum","JHU79","CGND-HRA-00175"
"ENSG00000270505","5","Cerebellum","JHU79","CGND-HRA-00525"
"ENSG00000270505","0","Cerebellum","JHU8","CGND-HRA-00104"
"ENSG00000270505","5","Cerebellum","JHU80","CGND-HRA-00566"
"ENSG00000270505","0","Cerebellum","JHU82","CGND-HRA-00178"
"ENSG00000270505","2","Cerebellum","JHU82","CGND-HRA-00531"
"ENSG00000270505","1","Cerebellum","JHU83","CGND-HRA-00179"
"ENSG00000270505","0","Cerebellum","JHU83","CGND-HRA-00532"
"ENSG00000270505","0","Cerebellum","NEUAA712LGL","CGND-HRA-03025"
"ENSG00000270505","1","Cerebellum","NEUAE883HW3","CGND-HRA-02642"
"ENSG00000270505","2","Cerebellum","NEUAG831KFQ","CGND-HRA-01430"
"ENSG00000270505","2","Cerebellum","NEUAJ995AXE","CGND-HRA-02468"
"ENSG00000270505","1","Cerebellum","NEUAL503EPH","CGND-HRA-01303"
"ENSG00000270505","0","Cerebellum","NEUAL503EPH","CGND-HRA-03600"
"ENSG00000270505","8","Cerebellum","NEUAP156PM4","CGND-HRA-00183"
"ENSG00000270505","1","Cerebellum","NEUAP156PM4","CGND-HRA-00534"
"ENSG00000270505","0","Cerebellum","NEUAT369TG5","CGND-HRA-00333"
"ENSG00000270505","0","Cerebellum","NEUAV181KYK","CGND-HRA-02407"
"ENSG00000270505","6","Cerebellum","NEUAV667LJK","CGND-HRA-00341"
"ENSG00000270505","0","Cerebellum","NEUAY067UTB","CGND-HRA-00746"
"ENSG00000270505","0","Cerebellum","NEUBB078VEG","CGND-HRA-01319"
"ENSG00000270505","9","Cerebellum","NEUBD692FG6","CGND-HRA-03324"
"ENSG00000270505","1","Cerebellum","NEUBE992ZD1","CGND-HRA-01606"
"ENSG00000270505","1","Cerebellum","NEUBN400CYR","CGND-HRA-03415"
"ENSG00000270505","1","Cerebellum","NEUBU587UWA","CGND-HRA-02238"
"ENSG00000270505","1","Cerebellum","NEUBU920EK5","CGND-HRA-03312"
"ENSG00000270505","3","Cerebellum","NEUCG551GV1","CGND-HRA-00469"
"ENSG00000270505","0","Cerebellum","NEUCN416KGV","CGND-HRA-02250"
"ENSG00000270505","0","Cerebellum","NEUCP856ZH7","CGND-HRA-03307"
"ENSG00000270505","0","Cerebellum","NEUCV649UJK","CGND-HRA-00722"
"ENSG00000270505","4","Cerebellum","NEUCW292DYJ","CGND-HRA-00727"
"ENSG00000270505","1","Cerebellum","NEUCY461UB1","CGND-HRA-03045"
"ENSG00000270505","1","Cerebellum","NEUDA151YMK","CGND-HRA-00593"
"ENSG00000270505","4","Cerebellum","NEUDD512DJM","CGND-HRA-03463"
"ENSG00000270505","0","Cerebellum","NEUDG361GA9","CGND-HRA-00208"
"ENSG00000270505","1","Cerebellum","NEUDG727NTW","CGND-HRA-00428"
"ENSG00000270505","0","Cerebellum","NEUDH441CDB","CGND-HRA-03389"
"ENSG00000270505","3","Cerebellum","NEUDJ612NZM","CGND-HRA-02474"
"ENSG00000270505","0","Cerebellum","NEUDK592BDZ","CGND-HRA-02149"
"ENSG00000270505","0","Cerebellum","NEUDM397JGD","CGND-HRA-00205"
"ENSG00000270505","1","Cerebellum","NEUDR086ZDQ","CGND-HRA-00207"
"ENSG00000270505","0","Cerebellum","NEUDT233ZZ1","CGND-HRA-00422"
"ENSG00000270505","3","Cerebellum","NEUDT709YHN","CGND-HRA-01650"
"ENSG00000270505","1","Cerebellum","NEUDX768ADY","CGND-HRA-02797"
"ENSG00000270505","11","Cerebellum","NEUEA633EN5","CGND-HRA-00671"
"ENSG00000270505","1","Cerebellum","NEUEB569WFU","CGND-HRA-01421"
"ENSG00000270505","2","Cerebellum","NEUEC006FND","CGND-HRA-00073"
"ENSG00000270505","2","Cerebellum","NEUEE362LGE","CGND-HRA-01632"
"ENSG00000270505","0","Cerebellum","NEUEE593VY7","CGND-HRA-00404"
"ENSG00000270505","0","Cerebellum","NEUEF397VVN","CGND-HRA-00303"
"ENSG00000270505","1","Cerebellum","NEUEF856BLV","CGND-HRA-00465"
"ENSG00000270505","0","Cerebellum","NEUEG442LDR","CGND-HRA-00667"
"ENSG00000270505","0","Cerebellum","NEUEH612JPA","CGND-HRA-00542"
"ENSG00000270505","2","Cerebellum","NEUEL133AK6","CGND-HRA-00069"
"ENSG00000270505","0","Cerebellum","NEUEL766XR1","CGND-HRA-03485"
"ENSG00000270505","1","Cerebellum","NEUEM417CHQ","CGND-HRA-02507-2"
"ENSG00000270505","0","Cerebellum","NEUEP010ZFE","CGND-HRA-01178"
"ENSG00000270505","0","Cerebellum","NEUFE255AG2","CGND-HRA-00486"
"ENSG00000270505","0","Cerebellum","NEUFF179PPT","CGND-HRA-00492"
"ENSG00000270505","0","Cerebellum","NEUFG213VG0","CGND-HRA-03295"
"ENSG00000270505","0","Cerebellum","NEUFN693AHN","CGND-HRA-02741"
"ENSG00000270505","0","Cerebellum","NEUFT454ZFP","CGND-HRA-00203"
"ENSG00000270505","8","Cerebellum","NEUFU395MJD","CGND-HRA-03057"
"ENSG00000270505","0","Cerebellum","NEUFV843EVC","CGND-HRA-01504"
"ENSG00000270505","0","Cerebellum","NEUFY271WFL","CGND-HRA-03271"
"ENSG00000270505","1","Cerebellum","NEUGA773REC","CGND-HRA-00081"
"ENSG00000270505","0","Cerebellum","NEUGD051YM7","CGND-HRA-02432"
"ENSG00000270505","0","Cerebellum","NEUGD887RT1","CGND-HRA-01492-2"
"ENSG00000270505","0","Cerebellum","NEUGG230KV0","CGND-HRA-02438"
"ENSG00000270505","0","Cerebellum","NEUGJ562DR9","CGND-HRA-02515"
"ENSG00000270505","7","Cerebellum","NEUGJ583BEE","CGND-HRA-01184-2"
"ENSG00000270505","2","Cerebellum","NEUGK141CFH","CGND-HRA-01173"
"ENSG00000270505","0","Cerebellum","NEUGL022MN2","CGND-HRA-01585"
"ENSG00000270505","2","Cerebellum","NEUGP259EBV","CGND-HRA-01443"
"ENSG00000270505","0","Cerebellum","NEUGT049MJ1","CGND-HRA-02909"
"ENSG00000270505","0","Cerebellum","NEUGU437VNF","CGND-HRA-01422"
"ENSG00000270505","0","Cerebellum","NEUGV102NYT","CGND-HRA-01975"
"ENSG00000270505","1","Cerebellum","NEUGV399KJW","CGND-HRA-00365"
"ENSG00000270505","0","Cerebellum","NEUGY575NUQ","CGND-HRA-00585"
"ENSG00000270505","5","Cerebellum","NEUGY741GH8","CGND-HRA-00480"
"ENSG00000270505","0","Cerebellum","NEUHC282LVJ","CGND-HRA-00077"
"ENSG00000270505","0","Cerebellum","NEUHC994KV4","CGND-HRA-02232"
"ENSG00000270505","0","Cerebellum","NEUHD481VCL","CGND-HRA-00206"
"ENSG00000270505","0","Cerebellum","NEUHJ609AXD","CGND-HRA-03501"
"ENSG00000270505","0","Cerebellum","NEUHM340FBZ","CGND-HRA-00706"
"ENSG00000270505","3","Cerebellum","NEUHM399CBL","CGND-HRA-01561"
"ENSG00000270505","0","Cerebellum","NEUHR385WC6","CGND-HRA-03318"
"ENSG00000270505","0","Cerebellum","NEUHT948VAD","CGND-HRA-03457"
"ENSG00000270505","10","Cerebellum","NEUHX090PGV","CGND-HRA-00643"
"ENSG00000270505","2","Cerebellum","NEUJF556NPE","CGND-HRA-03336"
"ENSG00000270505","0","Cerebellum","NEUJL308UBK","CGND-HRA-01350"
"ENSG00000270505","1","Cerebellum","NEUJR587KPC","CGND-HRA-02226-2"
"ENSG00000270505","7","Cerebellum","NEUJT167ZDX","CGND-HRA-03277"
"ENSG00000270505","1","Cerebellum","NEUJV725KH1","CGND-HRA-03013"
"ENSG00000270505","0","Cerebellum","NEUJW763EK7","CGND-HRA-03283"
"ENSG00000270505","1","Cerebellum","NEUJZ255ZC5","CGND-HRA-00076"
"ENSG00000270505","1","Cerebellum","NEUKD974CXJ","CGND-HRA-01413"
"ENSG00000270505","0","Cerebellum","NEUKG838WER","CGND-HRA-01579"
"ENSG00000270505","0","Cerebellum","NEUKH671TD4","CGND-HRA-02256"
"ENSG00000270505","0","Cerebellum","NEUKJ257ZPG","CGND-HRA-01573"
"ENSG00000270505","2","Cerebellum","NEUKJ976GGT","CGND-HRA-03004"
"ENSG00000270505","22","Cerebellum","NEUKM699KKH","CGND-HRA-00074"
"ENSG00000270505","3","Cerebellum","NEUKN179PH8","CGND-HRA-02142"
"ENSG00000270505","0","Cerebellum","NEUKN179PH8","CGND-HRA-03607"
"ENSG00000270505","1","Cerebellum","NEUKN209FNW","CGND-HRA-01362"
"ENSG00000270505","1","Cerebellum","NEUKT470MVZ","CGND-HRA-02456"
"ENSG00000270505","1","Cerebellum","NEUKV592NUT","CGND-HRA-01616"
"ENSG00000270505","9","Cerebellum","NEUKX037NKA","CGND-HRA-00182"
"ENSG00000270505","4","Cerebellum","NEUKX037NKA","CGND-HRA-00533"
"ENSG00000270505","1","Cerebellum","NEUKY135CV6","CGND-HRA-00380"
"ENSG00000270505","0","Cerebellum","NEUKZ647RCA","CGND-HRA-03348"
"ENSG00000270505","0","Cerebellum","NEUKZ727YY5","CGND-HRA-01622"
"ENSG00000270505","0","Cerebellum","NEULA285XJ0","CGND-HRA-01625"
"ENSG00000270505","3","Cerebellum","NEULH417FZJ","CGND-HRA-01278"
"ENSG00000270505","1","Cerebellum","NEULH901PYF","CGND-HRA-00726"
"ENSG00000270505","0","Cerebellum","NEULJ443PF5","CGND-HRA-01467"
"ENSG00000270505","1","Cerebellum","NEULN488RD5","CGND-HRA-00731"
"ENSG00000270505","1","Cerebellum","NEULP959LBP","CGND-HRA-01544"
"ENSG00000270505","4","Cerebellum","NEULT268RM4","CGND-HRA-00719"
"ENSG00000270505","1","Cerebellum","NEULV114EY9","CGND-HRA-01982"
"ENSG00000270505","2","Cerebellum","NEULV205HP5","CGND-HRA-03445"
"ENSG00000270505","3","Cerebellum","NEUME287RK2","CGND-HRA-00072"
"ENSG00000270505","0","Cerebellum","NEUMG691WPH","CGND-HRA-03474"
"ENSG00000270505","0","Cerebellum","NEUMH687NCM","CGND-HRA-03396"
"ENSG00000270505","0","Cerebellum","NEUMJ990MCW","CGND-HRA-03301"
"ENSG00000270505","3","Cerebellum","NEUMK638LUX","CGND-HRA-00549"
"ENSG00000270505","2","Cerebellum","NEUML172BXK","CGND-HRA-00197"
"ENSG00000270505","0","Cerebellum","NEUMM043VF4","CGND-HRA-02444"
"ENSG00000270505","0","Cerebellum","NEUMP035RP4","CGND-HRA-00204"
"ENSG00000270505","0","Cerebellum","NEUMT947ALA","CGND-HRA-00392"
"ENSG00000270505","2","Cerebellum","NEUMV641VYK","CGND-HRA-00410"
"ENSG00000270505","0","Cerebellum","NEUMY028JH4","CGND-HRA-01354"
"ENSG00000270505","0","Cerebellum","NEUNE163HV9","CGND-HRA-02912"
"ENSG00000270505","0","Cerebellum","NEUNE940RZC","CGND-HRA-00398"
"ENSG00000270505","0","Cerebellum","NEUTP414KZ2","CGND-HRA-00196"
"ENSG00000270505","1","Cerebellum","NEUNL548ZBN","CGND-HRA-00730"
"ENSG00000270505","1","Cerebellum","NEUNL974RU6","CGND-HRA-00620"
"ENSG00000270505","2","Cerebellum","NEUNW210GCW","CGND-HRA-00082"
"ENSG00000270505","1","Cerebellum","NEUNW244GF0","CGND-HRA-00349"
"ENSG00000270505","0","Cerebellum","NEUNY116EZW","CGND-HRA-00713"
"ENSG00000270505","0","Cerebellum","NEUNY116EZW","CGND-HRA-01480"
"ENSG00000270505","0","Cerebellum","NEUPG593UTV","CGND-HRA-03051"
"ENSG00000270505","0","Cerebellum","NEUPG876HJT","CGND-HRA-02163"
"ENSG00000270505","0","Cerebellum","NEUPH726JJJ","CGND-HRA-03439"
"ENSG00000270505","0","Cerebellum","NEUPK732LNT","CGND-HRA-00725"
"ENSG00000270505","0","Cerebellum","NEUPM864FBE","CGND-HRA-01613"
"ENSG00000270505","22","Cerebellum","NEUPU334DL1","CGND-HRA-01370"
"ENSG00000270505","12","Cerebellum","NEURA496RM8","CGND-HRA-03408"
"ENSG00000270505","2","Cerebellum","NEURD419AFL","CGND-HRA-03037"
"ENSG00000270505","8","Cerebellum","NEURD711XCL","CGND-HRA-00721"
"ENSG00000270505","0","Cerebellum","NEURJ886YZU","CGND-HRA-01510-2"
"ENSG00000270505","6","Cerebellum","NEURK749WFB","CGND-HRA-00729"
"ENSG00000270505","0","Cerebellum","NEURN516YR8","CGND-HRA-00720"
"ENSG00000270505","2","Cerebellum","NEURW761XNG","CGND-HRA-01451"
"ENSG00000270505","3","Cerebellum","NEURX991BWB","CGND-HRA-00618"
"ENSG00000270505","0","Cerebellum","NEURY396DC4","CGND-HRA-01603"
"ENSG00000270505","0","Cerebellum","NEURY468PVP","CGND-HRA-02244"
"ENSG00000270505","0","Cerebellum","NEUTB398FC9","CGND-HRA-00434"
"ENSG00000270505","0","Cerebellum","NEUTC015WBG","CGND-HRA-02500"
"ENSG00000270505","6","Cerebellum","NEUTC651YRK","CGND-HRA-01591-2"
"ENSG00000270505","0","Cerebellum","NEUTD254HL0","CGND-HRA-01516"
"ENSG00000270505","1","Cerebellum","NEUTL441LZ7","CGND-HRA-00319"
"ENSG00000270505","3","Cerebellum","NEUTL588HAA","CGND-HRA-01459"
"ENSG00000270505","2","Cerebellum","NEUTN269WMP","CGND-HRA-03031"
"ENSG00000270505","0","Cerebellum","NEUTP019MY9","CGND-HRA-00357"
"ENSG00000270505","0","Cerebellum","NEUTR110WRK","CGND-HRA-02533"
"ENSG00000270505","2","Cerebellum","NEUTZ062XC5","CGND-HRA-00653"
"ENSG00000270505","0","Cerebellum","NEUTZ242FYW","CGND-HRA-02486"
"ENSG00000270505","1","Cerebellum","NEUUE532LFF","CGND-HRA-00723"
"ENSG00000270505","1","Cerebellum","NEUUF289NRL","CGND-HRA-01366"
"ENSG00000270505","1","Cerebellum","NEUUK557CZW","CGND-HRA-00475"
"ENSG00000270505","0","Cerebellum","NEUUW406NWF","CGND-HRA-03491"
"ENSG00000270505","19","Cerebellum","NEUUW911LWA","CGND-HRA-00538"
"ENSG00000270505","0","Cerebellum","NEUUY552RBK","CGND-HRA-01644"
"ENSG00000270505","10","Cerebellum","NEUUZ212DHJ","CGND-HRA-03019"
"ENSG00000270505","3","Cerebellum","NEUVB305VU7","CGND-HRA-00194"
"ENSG00000270505","0","Cerebellum","NEUVE818GRA","CGND-HRA-03063"
"ENSG00000270505","0","Cerebellum","NEUVM032BF2","CGND-HRA-02632"
"ENSG00000270505","1","Cerebellum","NEUVZ387WGH","CGND-HRA-00326"
"ENSG00000270505","3","Cerebellum","NEUWC334RTZ","CGND-HRA-01372"
"ENSG00000270505","5","Cerebellum","NEUWD570BTK","CGND-HRA-01378"
"ENSG00000270505","0","Cerebellum","NEUWG326WUJ","CGND-HRA-01619"
"ENSG00000270505","0","Cerebellum","NEUWG523WRV","CGND-HRA-00639-2"
"ENSG00000270505","0","Cerebellum","NEUWK953TJN","CGND-HRA-02450"
"ENSG00000270505","1","Cerebellum","NEUWL993GU2","CGND-HRA-00676"
"ENSG00000270505","1","Cerebellum","NEUWP285RM6","CGND-HRA-00416"
"ENSG00000270505","1","Cerebellum","NEUWT414AYT","CGND-HRA-02181"
"ENSG00000270505","0","Cerebellum","NEUWX051HMF","CGND-HRA-01442"
"ENSG00000270505","1","Cerebellum","NEUWX086DGZ","CGND-HRA-00075"
"ENSG00000270505","1","Cerebellum","NEUWZ373ZHA","CGND-HRA-00311"
"ENSG00000270505","0","Cerebellum","NEUXD265LJ8","CGND-HRA-01657"
"ENSG00000270505","0","Cerebellum","NEUXD817GGZ","CGND-HRA-00718"
"ENSG00000270505","1","Cerebellum","NEUXD817GGZ","CGND-HRA-02220"
"ENSG00000270505","1","Cerebellum","NEUXF746MEU","CGND-HRA-02462"
"ENSG00000270505","1","Cerebellum","NEUXR145UBL","CGND-HRA-01358"
"ENSG00000270505","0","Cerebellum","NEUXT258BD4","CGND-HRA-00728"
"ENSG00000270505","2","Cerebellum","NEUXT979EZV","CGND-HRA-00078"
"ENSG00000270505","0","Cerebellum","NEUXV447YXF","CGND-HRA-03421"
"ENSG00000270505","3","Cerebellum","NEUXW599BNC","CGND-HRA-01311"
"ENSG00000270505","0","Cerebellum","NEUXY076JMB","CGND-HRA-00662"
"ENSG00000270505","5","Cerebellum","NEUYB686REL","CGND-HRA-00079"
"ENSG00000270505","2","Cerebellum","NEUYE611NWL","CGND-HRA-03330"
"ENSG00000270505","19","Cerebellum","NEUYJ579GT6","CGND-HRA-02175"
"ENSG00000270505","1","Cerebellum","NEUYM351YP3","CGND-HRA-02480"
"ENSG00000270505","0","Cerebellum","NEUYT145HVC","CGND-HRA-02156"
"ENSG00000270505","0","Cerebellum","NEUYT145HVC","CGND-HRA-03614"
"ENSG00000270505","1","Cerebellum","NEUYV496XLP","CGND-HRA-00070"
"ENSG00000270505","1","Cerebellum","NEUYW563PXU","CGND-HRA-02493-2"
"ENSG00000270505","2","Cerebellum","NEUYX020CB0","CGND-HRA-00386"
"ENSG00000270505","1","Cerebellum","NEUYY221HZA","CGND-HRA-00724"
"ENSG00000270505","0","Cerebellum","NEUZB953VCD","CGND-HRA-00598"
"ENSG00000270505","1","Cerebellum","NEUZK186ZK4","CGND-HRA-00202"
"ENSG00000270505","0","Cerebellum","NEUZU200WEQ","CGND-HRA-00071"
"ENSG00000270505","0","Cerebellum","NEUZV622ZHF","CGND-HRA-00636"
"ENSG00000270505","3","Cerebellum","NEUZX073BDK","CGND-HRA-00372"
"ENSG00000270505","0","Cerebellum","NEUZX847VWV-NEUWR459TCY","CGND-HRA-01556"
"ENSG00000223877","8","Cerebellum","GWF14-01","CGND-HRA-00295"
"ENSG00000223877","2","Cerebellum","JHU10","CGND-HRA-00106"
"ENSG00000223877","0","Cerebellum","JHU12","CGND-HRA-00108"
"ENSG00000223877","1","Cerebellum","JHU14","CGND-HRA-00110"
"ENSG00000223877","2","Cerebellum","JHU15","CGND-HRA-00111"
"ENSG00000223877","3","Cerebellum","JHU21","CGND-HRA-00117-2"
"ENSG00000223877","1","Cerebellum","JHU22","CGND-HRA-00118"
"ENSG00000223877","1","Cerebellum","JHU25","CGND-HRA-00121"
"ENSG00000223877","5","Cerebellum","JHU29","CGND-HRA-00125"
"ENSG00000223877","3","Cerebellum","JHU3","CGND-HRA-00099"
"ENSG00000223877","2","Cerebellum","JHU30","CGND-HRA-00126"
"ENSG00000223877","2","Cerebellum","JHU32","CGND-HRA-00128"
"ENSG00000223877","0","Cerebellum","JHU34","CGND-HRA-00130"
"ENSG00000223877","2","Cerebellum","JHU4","CGND-HRA-00100"
"ENSG00000223877","2","Cerebellum","JHU44","CGND-HRA-00140"
"ENSG00000223877","0","Cerebellum","JHU45","CGND-HRA-00141"
"ENSG00000223877","0","Cerebellum","JHU46","CGND-HRA-00142"
"ENSG00000223877","6","Cerebellum","JHU47","CGND-HRA-00143"
"ENSG00000223877","0","Cerebellum","JHU5","CGND-HRA-00101"
"ENSG00000223877","7","Cerebellum","JHU50","CGND-HRA-00146"
"ENSG00000223877","10","Cerebellum","JHU55","CGND-HRA-00151"
"ENSG00000223877","0","Cerebellum","JHU58","CGND-HRA-00154"
"ENSG00000223877","39","Cerebellum","JHU60","CGND-HRA-00156"
"ENSG00000223877","0","Cerebellum","JHU63","CGND-HRA-00159"
"ENSG00000223877","1","Cerebellum","JHU70","CGND-HRA-00166"
"ENSG00000223877","0","Cerebellum","JHU72","CGND-HRA-00168"
"ENSG00000223877","4","Cerebellum","JHU73","CGND-HRA-00169"
"ENSG00000223877","5","Cerebellum","JHU73","CGND-HRA-00523"
"ENSG00000223877","3","Cerebellum","JHU74","CGND-HRA-00170"
"ENSG00000223877","6","Cerebellum","JHU79","CGND-HRA-00175"
"ENSG00000223877","3","Cerebellum","JHU79","CGND-HRA-00525"
"ENSG00000223877","1","Cerebellum","JHU8","CGND-HRA-00104"
"ENSG00000223877","3","Cerebellum","JHU80","CGND-HRA-00566"
"ENSG00000223877","0","Cerebellum","JHU82","CGND-HRA-00178"
"ENSG00000223877","0","Cerebellum","JHU82","CGND-HRA-00531"
"ENSG00000223877","0","Cerebellum","JHU83","CGND-HRA-00179"
"ENSG00000223877","1","Cerebellum","JHU83","CGND-HRA-00532"
"ENSG00000223877","1","Cerebellum","NEUAA712LGL","CGND-HRA-03025"
"ENSG00000223877","6","Cerebellum","NEUAE883HW3","CGND-HRA-02642"
"ENSG00000223877","4","Cerebellum","NEUAG831KFQ","CGND-HRA-01430"
"ENSG00000223877","1","Cerebellum","NEUAJ995AXE","CGND-HRA-02468"
"ENSG00000223877","2","Cerebellum","NEUAL503EPH","CGND-HRA-01303"
"ENSG00000223877","9","Cerebellum","NEUAL503EPH","CGND-HRA-03600"
"ENSG00000223877","3","Cerebellum","NEUAP156PM4","CGND-HRA-00183"
"ENSG00000223877","4","Cerebellum","NEUAP156PM4","CGND-HRA-00534"
"ENSG00000223877","0","Cerebellum","NEUAT369TG5","CGND-HRA-00333"
"ENSG00000223877","3","Cerebellum","NEUAV181KYK","CGND-HRA-02407"
"ENSG00000223877","4","Cerebellum","NEUAV667LJK","CGND-HRA-00341"
"ENSG00000223877","2","Cerebellum","NEUAY067UTB","CGND-HRA-00746"
"ENSG00000223877","1","Cerebellum","NEUBB078VEG","CGND-HRA-01319"
"ENSG00000223877","0","Cerebellum","NEUBD692FG6","CGND-HRA-03324"
"ENSG00000223877","0","Cerebellum","NEUBE992ZD1","CGND-HRA-01606"
"ENSG00000223877","7","Cerebellum","NEUBN400CYR","CGND-HRA-03415"
"ENSG00000223877","1","Cerebellum","NEUBU587UWA","CGND-HRA-02238"
"ENSG00000223877","5","Cerebellum","NEUBU920EK5","CGND-HRA-03312"
"ENSG00000223877","3","Cerebellum","NEUCG551GV1","CGND-HRA-00469"
"ENSG00000232850","11","Cerebellum","JHU3","CGND-HRA-00099"
"ENSG00000223877","0","Cerebellum","NEUCN416KGV","CGND-HRA-02250"
"ENSG00000223877","0","Cerebellum","NEUCP856ZH7","CGND-HRA-03307"
"ENSG00000223877","0","Cerebellum","NEUCV649UJK","CGND-HRA-00722"
"ENSG00000223877","0","Cerebellum","NEUCW292DYJ","CGND-HRA-00727"
"ENSG00000223877","0","Cerebellum","NEUCY461UB1","CGND-HRA-03045"
"ENSG00000223877","3","Cerebellum","NEUDA151YMK","CGND-HRA-00593"
"ENSG00000223877","20","Cerebellum","NEUDD512DJM","CGND-HRA-03463"
"ENSG00000223877","0","Cerebellum","NEUDG361GA9","CGND-HRA-00208"
"ENSG00000223877","1","Cerebellum","NEUDG727NTW","CGND-HRA-00428"
"ENSG00000223877","1","Cerebellum","NEUDH441CDB","CGND-HRA-03389"
"ENSG00000223877","1","Cerebellum","NEUDJ612NZM","CGND-HRA-02474"
"ENSG00000223877","0","Cerebellum","NEUDK592BDZ","CGND-HRA-02149"
"ENSG00000223877","0","Cerebellum","NEUDM397JGD","CGND-HRA-00205"
"ENSG00000223877","0","Cerebellum","NEUDR086ZDQ","CGND-HRA-00207"
"ENSG00000223877","0","Cerebellum","NEUDT233ZZ1","CGND-HRA-00422"
"ENSG00000223877","13","Cerebellum","NEUDT709YHN","CGND-HRA-01650"
"ENSG00000223877","1","Cerebellum","NEUDX768ADY","CGND-HRA-02797"
"ENSG00000223877","7","Cerebellum","NEUEA633EN5","CGND-HRA-00671"
"ENSG00000223877","2","Cerebellum","NEUEB569WFU","CGND-HRA-01421"
"ENSG00000223877","0","Cerebellum","NEUEC006FND","CGND-HRA-00073"
"ENSG00000223877","6","Cerebellum","NEUEE362LGE","CGND-HRA-01632"
"ENSG00000223877","5","Cerebellum","NEUEE593VY7","CGND-HRA-00404"
"ENSG00000223877","0","Cerebellum","NEUEF397VVN","CGND-HRA-00303"
"ENSG00000223877","2","Cerebellum","NEUEF856BLV","CGND-HRA-00465"
"ENSG00000223877","0","Cerebellum","NEUEG442LDR","CGND-HRA-00667"
"ENSG00000223877","0","Cerebellum","NEUEH612JPA","CGND-HRA-00542"
"ENSG00000223877","3","Cerebellum","NEUEL133AK6","CGND-HRA-00069"
"ENSG00000223877","0","Cerebellum","NEUEL766XR1","CGND-HRA-03485"
"ENSG00000223877","0","Cerebellum","NEUEM417CHQ","CGND-HRA-02507-2"
"ENSG00000223877","1","Cerebellum","NEUEP010ZFE","CGND-HRA-01178"
"ENSG00000223877","0","Cerebellum","NEUFE255AG2","CGND-HRA-00486"
"ENSG00000223877","0","Cerebellum","NEUFF179PPT","CGND-HRA-00492"
"ENSG00000223877","1","Cerebellum","NEUFG213VG0","CGND-HRA-03295"
"ENSG00000223877","2","Cerebellum","NEUFN693AHN","CGND-HRA-02741"
"ENSG00000223877","0","Cerebellum","NEUFT454ZFP","CGND-HRA-00203"
"ENSG00000223877","7","Cerebellum","NEUFU395MJD","CGND-HRA-03057"
"ENSG00000223877","2","Cerebellum","NEUFV843EVC","CGND-HRA-01504"
"ENSG00000223877","1","Cerebellum","NEUFY271WFL","CGND-HRA-03271"
"ENSG00000223877","0","Cerebellum","NEUGA773REC","CGND-HRA-00081"
"ENSG00000223877","0","Cerebellum","NEUGD051YM7","CGND-HRA-02432"
"ENSG00000223877","1","Cerebellum","NEUGD887RT1","CGND-HRA-01492-2"
"ENSG00000223877","0","Cerebellum","NEUGG230KV0","CGND-HRA-02438"
"ENSG00000223877","3","Cerebellum","NEUGJ562DR9","CGND-HRA-02515"
"ENSG00000223877","9","Cerebellum","NEUGJ583BEE","CGND-HRA-01184-2"
"ENSG00000223877","2","Cerebellum","NEUGK141CFH","CGND-HRA-01173"
"ENSG00000223877","1","Cerebellum","NEUGL022MN2","CGND-HRA-01585"
"ENSG00000223877","1","Cerebellum","NEUGP259EBV","CGND-HRA-01443"
"ENSG00000223877","0","Cerebellum","NEUGT049MJ1","CGND-HRA-02909"
"ENSG00000223877","0","Cerebellum","NEUGU437VNF","CGND-HRA-01422"
"ENSG00000223877","0","Cerebellum","NEUGV102NYT","CGND-HRA-01975"
"ENSG00000223877","2","Cerebellum","NEUGV399KJW","CGND-HRA-00365"
"ENSG00000223877","3","Cerebellum","NEUGY575NUQ","CGND-HRA-00585"
"ENSG00000223877","1","Cerebellum","NEUGY741GH8","CGND-HRA-00480"
"ENSG00000223877","3","Cerebellum","NEUHC282LVJ","CGND-HRA-00077"
"ENSG00000223877","4","Cerebellum","NEUHC994KV4","CGND-HRA-02232"
"ENSG00000223877","0","Cerebellum","NEUHD481VCL","CGND-HRA-00206"
"ENSG00000223877","7","Cerebellum","NEUHJ609AXD","CGND-HRA-03501"
"ENSG00000223877","4","Cerebellum","NEUHM340FBZ","CGND-HRA-00706"
"ENSG00000223877","3","Cerebellum","NEUHM399CBL","CGND-HRA-01561"
"ENSG00000223877","1","Cerebellum","NEUHR385WC6","CGND-HRA-03318"
"ENSG00000223877","3","Cerebellum","NEUHT948VAD","CGND-HRA-03457"
"ENSG00000223877","10","Cerebellum","NEUHX090PGV","CGND-HRA-00643"
"ENSG00000223877","4","Cerebellum","NEUJF556NPE","CGND-HRA-03336"
"ENSG00000223877","0","Cerebellum","NEUJL308UBK","CGND-HRA-01350"
"ENSG00000223877","0","Cerebellum","NEUJR587KPC","CGND-HRA-02226-2"
"ENSG00000223877","17","Cerebellum","NEUJT167ZDX","CGND-HRA-03277"
"ENSG00000223877","1","Cerebellum","NEUJV725KH1","CGND-HRA-03013"
"ENSG00000223877","0","Cerebellum","NEUJW763EK7","CGND-HRA-03283"
"ENSG00000223877","2","Cerebellum","NEUJZ255ZC5","CGND-HRA-00076"
"ENSG00000223877","3","Cerebellum","NEUKD974CXJ","CGND-HRA-01413"
"ENSG00000223877","1","Cerebellum","NEUKG838WER","CGND-HRA-01579"
"ENSG00000223877","0","Cerebellum","NEUKH671TD4","CGND-HRA-02256"
"ENSG00000223877","2","Cerebellum","NEUKJ257ZPG","CGND-HRA-01573"
"ENSG00000223877","2","Cerebellum","NEUKJ976GGT","CGND-HRA-03004"
"ENSG00000223877","23","Cerebellum","NEUKM699KKH","CGND-HRA-00074"
"ENSG00000223877","4","Cerebellum","NEUKN179PH8","CGND-HRA-02142"
"ENSG00000223877","2","Cerebellum","NEUKN179PH8","CGND-HRA-03607"
"ENSG00000223877","0","Cerebellum","NEUKN209FNW","CGND-HRA-01362"
"ENSG00000223877","8","Cerebellum","NEUKT470MVZ","CGND-HRA-02456"
"ENSG00000223877","0","Cerebellum","NEUKV592NUT","CGND-HRA-01616"
"ENSG00000223877","8","Cerebellum","NEUKX037NKA","CGND-HRA-00182"
"ENSG00000223877","11","Cerebellum","NEUKX037NKA","CGND-HRA-00533"
"ENSG00000223877","2","Cerebellum","NEUKY135CV6","CGND-HRA-00380"
"ENSG00000223877","1","Cerebellum","NEUKZ647RCA","CGND-HRA-03348"
"ENSG00000223877","0","Cerebellum","NEUKZ727YY5","CGND-HRA-01622"
"ENSG00000223877","2","Cerebellum","NEULA285XJ0","CGND-HRA-01625"
"ENSG00000223877","2","Cerebellum","NEULH417FZJ","CGND-HRA-01278"
"ENSG00000223877","2","Cerebellum","NEULH901PYF","CGND-HRA-00726"
"ENSG00000223877","0","Cerebellum","NEULJ443PF5","CGND-HRA-01467"
"ENSG00000223877","1","Cerebellum","NEULN488RD5","CGND-HRA-00731"
"ENSG00000232850","16","Cerebellum","JHU30","CGND-HRA-00126"
"ENSG00000223877","0","Cerebellum","NEULP959LBP","CGND-HRA-01544"
"ENSG00000223877","2","Cerebellum","NEULT268RM4","CGND-HRA-00719"
"ENSG00000223877","0","Cerebellum","NEULV114EY9","CGND-HRA-01982"
"ENSG00000223877","3","Cerebellum","NEULV205HP5","CGND-HRA-03445"
"ENSG00000223877","8","Cerebellum","NEUME287RK2","CGND-HRA-00072"
"ENSG00000223877","8","Cerebellum","NEUMG691WPH","CGND-HRA-03474"
"ENSG00000223877","4","Cerebellum","NEUMH687NCM","CGND-HRA-03396"
"ENSG00000223877","4","Cerebellum","NEUMJ990MCW","CGND-HRA-03301"
"ENSG00000223877","3","Cerebellum","NEUMK638LUX","CGND-HRA-00549"
"ENSG00000223877","9","Cerebellum","NEUML172BXK","CGND-HRA-00197"
"ENSG00000223877","1","Cerebellum","NEUMM043VF4","CGND-HRA-02444"
"ENSG00000223877","3","Cerebellum","NEUMP035RP4","CGND-HRA-00204"
"ENSG00000223877","0","Cerebellum","NEUMT947ALA","CGND-HRA-00392"
"ENSG00000223877","7","Cerebellum","NEUMV641VYK","CGND-HRA-00410"
"ENSG00000223877","1","Cerebellum","NEUMY028JH4","CGND-HRA-01354"
"ENSG00000223877","1","Cerebellum","NEUNE163HV9","CGND-HRA-02912"
"ENSG00000223877","0","Cerebellum","NEUNE940RZC","CGND-HRA-00398"
"ENSG00000223877","3","Cerebellum","NEUNL548ZBN","CGND-HRA-00730"
"ENSG00000223877","1","Cerebellum","NEUNL974RU6","CGND-HRA-00620"
"ENSG00000223877","1","Cerebellum","NEUNW210GCW","CGND-HRA-00082"
"ENSG00000223877","2","Cerebellum","NEUNW244GF0","CGND-HRA-00349"
"ENSG00000223877","1","Cerebellum","NEUNY116EZW","CGND-HRA-00713"
"ENSG00000223877","0","Cerebellum","NEUNY116EZW","CGND-HRA-01480"
"ENSG00000223877","0","Cerebellum","NEUPG593UTV","CGND-HRA-03051"
"ENSG00000223877","2","Cerebellum","NEUPG876HJT","CGND-HRA-02163"
"ENSG00000223877","2","Cerebellum","NEUPH726JJJ","CGND-HRA-03439"
"ENSG00000223877","2","Cerebellum","NEUPK732LNT","CGND-HRA-00725"
"ENSG00000223877","0","Cerebellum","NEUPM864FBE","CGND-HRA-01613"
"ENSG00000223877","17","Cerebellum","NEUPU334DL1","CGND-HRA-01370"
"ENSG00000223877","1","Cerebellum","NEURA496RM8","CGND-HRA-03408"
"ENSG00000223877","0","Cerebellum","NEURD419AFL","CGND-HRA-03037"
"ENSG00000223877","7","Cerebellum","NEURD711XCL","CGND-HRA-00721"
"ENSG00000223877","0","Cerebellum","NEURJ886YZU","CGND-HRA-01510-2"
"ENSG00000223877","0","Cerebellum","NEURK749WFB","CGND-HRA-00729"
"ENSG00000223877","2","Cerebellum","NEURN516YR8","CGND-HRA-00720"
"ENSG00000223877","4","Cerebellum","NEURW761XNG","CGND-HRA-01451"
"ENSG00000223877","2","Cerebellum","NEURX991BWB","CGND-HRA-00618"
"ENSG00000223877","1","Cerebellum","NEURY396DC4","CGND-HRA-01603"
"ENSG00000223877","2","Cerebellum","NEURY468PVP","CGND-HRA-02244"
"ENSG00000223877","3","Cerebellum","NEUTB398FC9","CGND-HRA-00434"
"ENSG00000223877","0","Cerebellum","NEUTC015WBG","CGND-HRA-02500"
"ENSG00000223877","3","Cerebellum","NEUTC651YRK","CGND-HRA-01591-2"
"ENSG00000223877","1","Cerebellum","NEUTD254HL0","CGND-HRA-01516"
"ENSG00000223877","3","Cerebellum","NEUTL441LZ7","CGND-HRA-00319"
"ENSG00000223877","5","Cerebellum","NEUTL588HAA","CGND-HRA-01459"
"ENSG00000223877","2","Cerebellum","NEUTN269WMP","CGND-HRA-03031"
"ENSG00000223877","1","Cerebellum","NEUTP019MY9","CGND-HRA-00357"
"ENSG00000223877","0","Cerebellum","NEUTP414KZ2","CGND-HRA-00196"
"ENSG00000223877","0","Cerebellum","NEUTR110WRK","CGND-HRA-02533"
"ENSG00000223877","2","Cerebellum","NEUTZ062XC5","CGND-HRA-00653"
"ENSG00000223877","0","Cerebellum","NEUTZ242FYW","CGND-HRA-02486"
"ENSG00000223877","0","Cerebellum","NEUUE532LFF","CGND-HRA-00723"
"ENSG00000223877","1","Cerebellum","NEUUF289NRL","CGND-HRA-01366"
"ENSG00000223877","2","Cerebellum","NEUUK557CZW","CGND-HRA-00475"
"ENSG00000223877","3","Cerebellum","NEUUW406NWF","CGND-HRA-03491"
"ENSG00000223877","19","Cerebellum","NEUUW911LWA","CGND-HRA-00538"
"ENSG00000223877","0","Cerebellum","NEUUY552RBK","CGND-HRA-01644"
"ENSG00000223877","21","Cerebellum","NEUUZ212DHJ","CGND-HRA-03019"
"ENSG00000223877","1","Cerebellum","NEUVB305VU7","CGND-HRA-00194"
"ENSG00000223877","0","Cerebellum","NEUVE818GRA","CGND-HRA-03063"
"ENSG00000223877","1","Cerebellum","NEUVM032BF2","CGND-HRA-02632"
"ENSG00000223877","3","Cerebellum","NEUVZ387WGH","CGND-HRA-00326"
"ENSG00000223877","2","Cerebellum","NEUWC334RTZ","CGND-HRA-01372"
"ENSG00000223877","5","Cerebellum","NEUWD570BTK","CGND-HRA-01378"
"ENSG00000223877","0","Cerebellum","NEUWG326WUJ","CGND-HRA-01619"
"ENSG00000223877","0","Cerebellum","NEUWG523WRV","CGND-HRA-00639-2"
"ENSG00000223877","0","Cerebellum","NEUWK953TJN","CGND-HRA-02450"
"ENSG00000223877","2","Cerebellum","NEUWL993GU2","CGND-HRA-00676"
"ENSG00000223877","2","Cerebellum","NEUWP285RM6","CGND-HRA-00416"
"ENSG00000223877","2","Cerebellum","NEUWT414AYT","CGND-HRA-02181"
"ENSG00000223877","1","Cerebellum","NEUWX051HMF","CGND-HRA-01442"
"ENSG00000223877","3","Cerebellum","NEUWX086DGZ","CGND-HRA-00075"
"ENSG00000223877","1","Cerebellum","NEUWZ373ZHA","CGND-HRA-00311"
"ENSG00000232850","33","Cerebellum","JHU32","CGND-HRA-00128"
"ENSG00000223877","32","Cerebellum","NEUWZ841BRT","CGND-HRA-03265"
"ENSG00000223877","0","Cerebellum","NEUXD265LJ8","CGND-HRA-01657"
"ENSG00000223877","0","Cerebellum","NEUXD817GGZ","CGND-HRA-00718"
"ENSG00000223877","1","Cerebellum","NEUXD817GGZ","CGND-HRA-02220"
"ENSG00000223877","6","Cerebellum","NEUXF746MEU","CGND-HRA-02462"
"ENSG00000223877","0","Cerebellum","NEUXR145UBL","CGND-HRA-01358"
"ENSG00000223877","1","Cerebellum","NEUXT258BD4","CGND-HRA-00728"
"ENSG00000223877","1","Cerebellum","NEUXT979EZV","CGND-HRA-00078"
"ENSG00000223877","12","Cerebellum","NEUXV447YXF","CGND-HRA-03421"
"ENSG00000223877","5","Cerebellum","NEUXW599BNC","CGND-HRA-01311"
"ENSG00000223877","1","Cerebellum","NEUXY076JMB","CGND-HRA-00662"
"ENSG00000223877","8","Cerebellum","NEUYB686REL","CGND-HRA-00079"
"ENSG00000223877","5","Cerebellum","NEUYE611NWL","CGND-HRA-03330"
"ENSG00000223877","33","Cerebellum","NEUYJ579GT6","CGND-HRA-02175"
"ENSG00000223877","1","Cerebellum","NEUYM351YP3","CGND-HRA-02480"
"ENSG00000223877","0","Cerebellum","NEUYT145HVC","CGND-HRA-02156"
"ENSG00000223877","3","Cerebellum","NEUYT145HVC","CGND-HRA-03614"
"ENSG00000223877","1","Cerebellum","NEUYV496XLP","CGND-HRA-00070"
"ENSG00000223877","2","Cerebellum","NEUYW563PXU","CGND-HRA-02493-2"
"ENSG00000223877","3","Cerebellum","NEUYX020CB0","CGND-HRA-00386"
"ENSG00000223877","0","Cerebellum","NEUYY221HZA","CGND-HRA-00724"
"ENSG00000223877","0","Cerebellum","NEUZB953VCD","CGND-HRA-00598"
"ENSG00000223877","1","Cerebellum","NEUZK186ZK4","CGND-HRA-00202"
"ENSG00000223877","11","Cerebellum","NEUZU200WEQ","CGND-HRA-00071"
"ENSG00000223877","2","Cerebellum","NEUZV622ZHF","CGND-HRA-00636"
"ENSG00000223877","1","Cerebellum","NEUZX073BDK","CGND-HRA-00372"
"ENSG00000223877","0","Cerebellum","NEUZX847VWV-NEUWR459TCY","CGND-HRA-01556"
"ENSG00000261426","6","Cerebellum","GWF14-01","CGND-HRA-00295"
"ENSG00000261426","14","Cerebellum","JHU10","CGND-HRA-00106"
"ENSG00000261426","7","Cerebellum","JHU12","CGND-HRA-00108"
"ENSG00000261426","7","Cerebellum","JHU14","CGND-HRA-00110"
"ENSG00000261426","5","Cerebellum","JHU15","CGND-HRA-00111"
"ENSG00000261426","13","Cerebellum","JHU21","CGND-HRA-00117-2"
"ENSG00000261426","20","Cerebellum","JHU22","CGND-HRA-00118"
"ENSG00000261426","8","Cerebellum","JHU25","CGND-HRA-00121"
"ENSG00000261426","5","Cerebellum","JHU29","CGND-HRA-00125"
"ENSG00000261426","5","Cerebellum","JHU3","CGND-HRA-00099"
"ENSG00000261426","19","Cerebellum","JHU30","CGND-HRA-00126"
"ENSG00000261426","5","Cerebellum","JHU32","CGND-HRA-00128"
"ENSG00000261426","15","Cerebellum","JHU34","CGND-HRA-00130"
"ENSG00000261426","4","Cerebellum","JHU4","CGND-HRA-00100"
"ENSG00000261426","8","Cerebellum","JHU44","CGND-HRA-00140"
"ENSG00000261426","9","Cerebellum","JHU45","CGND-HRA-00141"
"ENSG00000261426","2","Cerebellum","JHU46","CGND-HRA-00142"
"ENSG00000261426","3","Cerebellum","JHU47","CGND-HRA-00143"
"ENSG00000261426","9","Cerebellum","JHU5","CGND-HRA-00101"
"ENSG00000261426","3","Cerebellum","JHU50","CGND-HRA-00146"
"ENSG00000261426","16","Cerebellum","JHU55","CGND-HRA-00151"
"ENSG00000261426","12","Cerebellum","JHU58","CGND-HRA-00154"
"ENSG00000261426","22","Cerebellum","JHU60","CGND-HRA-00156"
"ENSG00000261426","5","Cerebellum","JHU63","CGND-HRA-00159"
"ENSG00000261426","11","Cerebellum","JHU70","CGND-HRA-00166"
"ENSG00000261426","10","Cerebellum","JHU72","CGND-HRA-00168"
"ENSG00000261426","1","Cerebellum","JHU73","CGND-HRA-00169"
"ENSG00000261426","6","Cerebellum","JHU73","CGND-HRA-00523"
"ENSG00000261426","14","Cerebellum","JHU74","CGND-HRA-00170"
"ENSG00000261426","17","Cerebellum","JHU79","CGND-HRA-00175"
"ENSG00000261426","18","Cerebellum","JHU79","CGND-HRA-00525"
"ENSG00000261426","4","Cerebellum","JHU8","CGND-HRA-00104"
"ENSG00000261426","8","Cerebellum","JHU80","CGND-HRA-00566"
"ENSG00000261426","7","Cerebellum","JHU82","CGND-HRA-00178"
"ENSG00000261426","6","Cerebellum","JHU82","CGND-HRA-00531"
"ENSG00000261426","8","Cerebellum","JHU83","CGND-HRA-00179"
"ENSG00000261426","14","Cerebellum","JHU83","CGND-HRA-00532"
"ENSG00000261426","2","Cerebellum","NEUAA712LGL","CGND-HRA-03025"
"ENSG00000261426","4","Cerebellum","NEUAE883HW3","CGND-HRA-02642"
"ENSG00000261426","8","Cerebellum","NEUAG831KFQ","CGND-HRA-01430"
"ENSG00000261426","12","Cerebellum","NEUAJ995AXE","CGND-HRA-02468"
"ENSG00000261426","5","Cerebellum","NEUAL503EPH","CGND-HRA-01303"
"ENSG00000261426","8","Cerebellum","NEUAL503EPH","CGND-HRA-03600"
"ENSG00000261426","8","Cerebellum","NEUAP156PM4","CGND-HRA-00183"
"ENSG00000261426","4","Cerebellum","NEUAP156PM4","CGND-HRA-00534"
"ENSG00000261426","0","Cerebellum","NEUAT369TG5","CGND-HRA-00333"
"ENSG00000261426","17","Cerebellum","NEUAV181KYK","CGND-HRA-02407"
"ENSG00000261426","4","Cerebellum","NEUAV667LJK","CGND-HRA-00341"
"ENSG00000261426","7","Cerebellum","NEUAY067UTB","CGND-HRA-00746"
"ENSG00000261426","0","Cerebellum","NEUBB078VEG","CGND-HRA-01319"
"ENSG00000261426","10","Cerebellum","NEUBD692FG6","CGND-HRA-03324"
"ENSG00000261426","9","Cerebellum","NEUBE992ZD1","CGND-HRA-01606"
"ENSG00000261426","8","Cerebellum","NEUBN400CYR","CGND-HRA-03415"
"ENSG00000261426","9","Cerebellum","NEUBU587UWA","CGND-HRA-02238"
"ENSG00000261426","13","Cerebellum","NEUBU920EK5","CGND-HRA-03312"
"ENSG00000261426","5","Cerebellum","NEUCG551GV1","CGND-HRA-00469"
"ENSG00000261426","13","Cerebellum","NEUCN416KGV","CGND-HRA-02250"
"ENSG00000261426","5","Cerebellum","NEUCP856ZH7","CGND-HRA-03307"
"ENSG00000261426","8","Cerebellum","NEUCV649UJK","CGND-HRA-00722"
"ENSG00000261426","1","Cerebellum","NEUCW292DYJ","CGND-HRA-00727"
"ENSG00000261426","5","Cerebellum","NEUCY461UB1","CGND-HRA-03045"
"ENSG00000261426","19","Cerebellum","NEUDA151YMK","CGND-HRA-00593"
"ENSG00000261426","11","Cerebellum","NEUDD512DJM","CGND-HRA-03463"
"ENSG00000261426","15","Cerebellum","NEUDG361GA9","CGND-HRA-00208"
"ENSG00000261426","4","Cerebellum","NEUDG727NTW","CGND-HRA-00428"
"ENSG00000261426","5","Cerebellum","NEUDH441CDB","CGND-HRA-03389"
"ENSG00000261426","18","Cerebellum","NEUDJ612NZM","CGND-HRA-02474"
"ENSG00000261426","9","Cerebellum","NEUDK592BDZ","CGND-HRA-02149"
"ENSG00000261426","2","Cerebellum","NEUDM397JGD","CGND-HRA-00205"
"ENSG00000261426","4","Cerebellum","NEUDR086ZDQ","CGND-HRA-00207"
"ENSG00000261426","9","Cerebellum","NEUDT233ZZ1","CGND-HRA-00422"
"ENSG00000261426","6","Cerebellum","NEUDT709YHN","CGND-HRA-01650"
"ENSG00000261426","15","Cerebellum","NEUDX768ADY","CGND-HRA-02797"
"ENSG00000261426","3","Cerebellum","NEUEA633EN5","CGND-HRA-00671"
"ENSG00000261426","18","Cerebellum","NEUEB569WFU","CGND-HRA-01421"
"ENSG00000261426","10","Cerebellum","NEUEC006FND","CGND-HRA-00073"
"ENSG00000261426","6","Cerebellum","NEUEE362LGE","CGND-HRA-01632"
"ENSG00000261426","8","Cerebellum","NEUEE593VY7","CGND-HRA-00404"
"ENSG00000261426","2","Cerebellum","NEUEF397VVN","CGND-HRA-00303"
"ENSG00000261426","6","Cerebellum","NEUEF856BLV","CGND-HRA-00465"
"ENSG00000261426","6","Cerebellum","NEUEG442LDR","CGND-HRA-00667"
"ENSG00000261426","12","Cerebellum","NEUEH612JPA","CGND-HRA-00542"
"ENSG00000261426","10","Cerebellum","NEUEL133AK6","CGND-HRA-00069"
"ENSG00000261426","3","Cerebellum","NEUEL766XR1","CGND-HRA-03485"
"ENSG00000261426","10","Cerebellum","NEUEM417CHQ","CGND-HRA-02507-2"
"ENSG00000261426","16","Cerebellum","NEUEP010ZFE","CGND-HRA-01178"
"ENSG00000261426","7","Cerebellum","NEUFE255AG2","CGND-HRA-00486"
"ENSG00000261426","4","Cerebellum","NEUFF179PPT","CGND-HRA-00492"
"ENSG00000261426","3","Cerebellum","NEUFG213VG0","CGND-HRA-03295"
"ENSG00000261426","5","Cerebellum","NEUFN693AHN","CGND-HRA-02741"
"ENSG00000261426","2","Cerebellum","NEUFT454ZFP","CGND-HRA-00203"
"ENSG00000261426","7","Cerebellum","NEUFU395MJD","CGND-HRA-03057"
"ENSG00000261426","5","Cerebellum","NEUFV843EVC","CGND-HRA-01504"
"ENSG00000261426","28","Cerebellum","NEUFY271WFL","CGND-HRA-03271"
"ENSG00000261426","8","Cerebellum","NEUGA773REC","CGND-HRA-00081"
"ENSG00000261426","9","Cerebellum","NEUGD051YM7","CGND-HRA-02432"
"ENSG00000261426","20","Cerebellum","NEUGD887RT1","CGND-HRA-01492-2"
"ENSG00000261426","7","Cerebellum","NEUGG230KV0","CGND-HRA-02438"
"ENSG00000261426","14","Cerebellum","NEUGJ562DR9","CGND-HRA-02515"
"ENSG00000261426","18","Cerebellum","NEUGJ583BEE","CGND-HRA-01184-2"
"ENSG00000261426","7","Cerebellum","NEUGK141CFH","CGND-HRA-01173"
"ENSG00000261426","4","Cerebellum","NEUGL022MN2","CGND-HRA-01585"
"ENSG00000261426","4","Cerebellum","NEUGP259EBV","CGND-HRA-01443"
"ENSG00000261426","18","Cerebellum","NEUGT049MJ1","CGND-HRA-02909"
"ENSG00000261426","1","Cerebellum","NEUGU437VNF","CGND-HRA-01422"
"ENSG00000261426","23","Cerebellum","NEUGV102NYT","CGND-HRA-01975"
"ENSG00000261426","16","Cerebellum","NEUGV399KJW","CGND-HRA-00365"
"ENSG00000261426","5","Cerebellum","NEUGY575NUQ","CGND-HRA-00585"
"ENSG00000261426","17","Cerebellum","NEUGY741GH8","CGND-HRA-00480"
"ENSG00000261426","1","Cerebellum","NEUHC282LVJ","CGND-HRA-00077"
"ENSG00000261426","11","Cerebellum","NEUHC994KV4","CGND-HRA-02232"
"ENSG00000261426","16","Cerebellum","NEUHD481VCL","CGND-HRA-00206"
"ENSG00000261426","16","Cerebellum","NEUHJ609AXD","CGND-HRA-03501"
"ENSG00000261426","5","Cerebellum","NEUHM340FBZ","CGND-HRA-00706"
"ENSG00000261426","5","Cerebellum","NEUHM399CBL","CGND-HRA-01561"
"ENSG00000261426","3","Cerebellum","NEUHR385WC6","CGND-HRA-03318"
"ENSG00000261426","1","Cerebellum","NEUHT948VAD","CGND-HRA-03457"
"ENSG00000261426","7","Cerebellum","NEUHX090PGV","CGND-HRA-00643"
"ENSG00000261426","27","Cerebellum","NEUJF556NPE","CGND-HRA-03336"
"ENSG00000261426","5","Cerebellum","NEUJL308UBK","CGND-HRA-01350"
"ENSG00000261426","3","Cerebellum","NEUKN179PH8","CGND-HRA-03607"
"ENSG00000261426","12","Cerebellum","NEUJR587KPC","CGND-HRA-02226-2"
"ENSG00000261426","7","Cerebellum","NEUJT167ZDX","CGND-HRA-03277"
"ENSG00000261426","9","Cerebellum","NEUJV725KH1","CGND-HRA-03013"
"ENSG00000261426","23","Cerebellum","NEUJW763EK7","CGND-HRA-03283"
"ENSG00000261426","3","Cerebellum","NEUJZ255ZC5","CGND-HRA-00076"
"ENSG00000261426","4","Cerebellum","NEUKD974CXJ","CGND-HRA-01413"
"ENSG00000261426","9","Cerebellum","NEUKG838WER","CGND-HRA-01579"
"ENSG00000261426","11","Cerebellum","NEUKH671TD4","CGND-HRA-02256"
"ENSG00000261426","1","Cerebellum","NEUKJ257ZPG","CGND-HRA-01573"
"ENSG00000261426","2","Cerebellum","NEUKJ976GGT","CGND-HRA-03004"
"ENSG00000261426","10","Cerebellum","NEUKM699KKH","CGND-HRA-00074"
"ENSG00000261426","4","Cerebellum","NEUKN179PH8","CGND-HRA-02142"
"ENSG00000261426","2","Cerebellum","NEUKN209FNW","CGND-HRA-01362"
"ENSG00000261426","5","Cerebellum","NEUKT470MVZ","CGND-HRA-02456"
"ENSG00000261426","16","Cerebellum","NEUKV592NUT","CGND-HRA-01616"
"ENSG00000261426","0","Cerebellum","NEUKX037NKA","CGND-HRA-00182"
"ENSG00000261426","1","Cerebellum","NEUKX037NKA","CGND-HRA-00533"
"ENSG00000261426","2","Cerebellum","NEUKY135CV6","CGND-HRA-00380"
"ENSG00000261426","14","Cerebellum","NEUKZ647RCA","CGND-HRA-03348"
"ENSG00000261426","4","Cerebellum","NEUKZ727YY5","CGND-HRA-01622"
"ENSG00000261426","5","Cerebellum","NEULA285XJ0","CGND-HRA-01625"
"ENSG00000261426","15","Cerebellum","NEULH417FZJ","CGND-HRA-01278"
"ENSG00000261426","13","Cerebellum","NEULH901PYF","CGND-HRA-00726"
"ENSG00000261426","7","Cerebellum","NEULJ443PF5","CGND-HRA-01467"
"ENSG00000261426","11","Cerebellum","NEULN488RD5","CGND-HRA-00731"
"ENSG00000261426","5","Cerebellum","NEULP959LBP","CGND-HRA-01544"
"ENSG00000261426","5","Cerebellum","NEULT268RM4","CGND-HRA-00719"
"ENSG00000261426","15","Cerebellum","NEULV114EY9","CGND-HRA-01982"
"ENSG00000261426","3","Cerebellum","NEULV205HP5","CGND-HRA-03445"
"ENSG00000261426","9","Cerebellum","NEUME287RK2","CGND-HRA-00072"
"ENSG00000261426","0","Cerebellum","NEUMG691WPH","CGND-HRA-03474"
"ENSG00000261426","5","Cerebellum","NEUMH687NCM","CGND-HRA-03396"
"ENSG00000261426","18","Cerebellum","NEUMJ990MCW","CGND-HRA-03301"
"ENSG00000261426","5","Cerebellum","NEUMK638LUX","CGND-HRA-00549"
"ENSG00000261426","11","Cerebellum","NEUML172BXK","CGND-HRA-00197"
"ENSG00000261426","2","Cerebellum","NEUMM043VF4","CGND-HRA-02444"
"ENSG00000261426","0","Cerebellum","NEUMP035RP4","CGND-HRA-00204"
"ENSG00000232850","26","Cerebellum","JHU34","CGND-HRA-00130"
"ENSG00000261426","0","Cerebellum","NEUMT947ALA","CGND-HRA-00392"
"ENSG00000261426","15","Cerebellum","NEUMV641VYK","CGND-HRA-00410"
"ENSG00000261426","4","Cerebellum","NEUMY028JH4","CGND-HRA-01354"
"ENSG00000261426","3","Cerebellum","NEUNE163HV9","CGND-HRA-02912"
"ENSG00000261426","5","Cerebellum","NEUNE940RZC","CGND-HRA-00398"
"ENSG00000261426","4","Cerebellum","NEUNL548ZBN","CGND-HRA-00730"
"ENSG00000261426","10","Cerebellum","NEUNL974RU6","CGND-HRA-00620"
"ENSG00000261426","5","Cerebellum","NEUNW210GCW","CGND-HRA-00082"
"ENSG00000261426","5","Cerebellum","NEUNW244GF0","CGND-HRA-00349"
"ENSG00000261426","8","Cerebellum","NEUNY116EZW","CGND-HRA-00713"
"ENSG00000261426","5","Cerebellum","NEUNY116EZW","CGND-HRA-01480"
"ENSG00000261426","1","Cerebellum","NEUPG593UTV","CGND-HRA-03051"
"ENSG00000261426","10","Cerebellum","NEUPG876HJT","CGND-HRA-02163"
"ENSG00000261426","9","Cerebellum","NEUPH726JJJ","CGND-HRA-03439"
"ENSG00000261426","8","Cerebellum","NEUPK732LNT","CGND-HRA-00725"
"ENSG00000261426","14","Cerebellum","NEUPM864FBE","CGND-HRA-01613"
"ENSG00000261426","3","Cerebellum","NEUPU334DL1","CGND-HRA-01370"
"ENSG00000261426","6","Cerebellum","NEURA496RM8","CGND-HRA-03408"
"ENSG00000261426","29","Cerebellum","NEURD419AFL","CGND-HRA-03037"
"ENSG00000261426","3","Cerebellum","NEURD711XCL","CGND-HRA-00721"
"ENSG00000261426","1","Cerebellum","NEURJ886YZU","CGND-HRA-01510-2"
"ENSG00000261426","9","Cerebellum","NEURK749WFB","CGND-HRA-00729"
"ENSG00000261426","9","Cerebellum","NEURN516YR8","CGND-HRA-00720"
"ENSG00000261426","2","Cerebellum","NEURW761XNG","CGND-HRA-01451"
"ENSG00000261426","10","Cerebellum","NEURX991BWB","CGND-HRA-00618"
"ENSG00000261426","8","Cerebellum","NEURY396DC4","CGND-HRA-01603"
"ENSG00000261426","5","Cerebellum","NEURY468PVP","CGND-HRA-02244"
"ENSG00000261426","10","Cerebellum","NEUTB398FC9","CGND-HRA-00434"
"ENSG00000261426","2","Cerebellum","NEUTC015WBG","CGND-HRA-02500"
"ENSG00000261426","1","Cerebellum","NEUTC651YRK","CGND-HRA-01591-2"
"ENSG00000261426","3","Cerebellum","NEUTD254HL0","CGND-HRA-01516"
"ENSG00000261426","1","Cerebellum","NEUTL441LZ7","CGND-HRA-00319"
"ENSG00000261426","15","Cerebellum","NEUTL588HAA","CGND-HRA-01459"
"ENSG00000261426","10","Cerebellum","NEUTN269WMP","CGND-HRA-03031"
"ENSG00000261426","12","Cerebellum","NEUTP019MY9","CGND-HRA-00357"
"ENSG00000261426","9","Cerebellum","NEUTP414KZ2","CGND-HRA-00196"
"ENSG00000261426","8","Cerebellum","NEUTR110WRK","CGND-HRA-02533"
"ENSG00000261426","5","Cerebellum","NEUTZ062XC5","CGND-HRA-00653"
"ENSG00000261426","8","Cerebellum","NEUTZ242FYW","CGND-HRA-02486"
"ENSG00000261426","2","Cerebellum","NEUUE532LFF","CGND-HRA-00723"
"ENSG00000261426","2","Cerebellum","NEUUF289NRL","CGND-HRA-01366"
"ENSG00000261426","8","Cerebellum","NEUUK557CZW","CGND-HRA-00475"
"ENSG00000261426","13","Cerebellum","NEUUW406NWF","CGND-HRA-03491"
"ENSG00000261426","14","Cerebellum","NEUUW911LWA","CGND-HRA-00538"
"ENSG00000261426","15","Cerebellum","NEUUY552RBK","CGND-HRA-01644"
"ENSG00000261426","7","Cerebellum","NEUUZ212DHJ","CGND-HRA-03019"
"ENSG00000261426","2","Cerebellum","NEUVB305VU7","CGND-HRA-00194"
"ENSG00000261426","5","Cerebellum","NEUVE818GRA","CGND-HRA-03063"
"ENSG00000261426","6","Cerebellum","NEUVM032BF2","CGND-HRA-02632"
"ENSG00000261426","2","Cerebellum","NEUVZ387WGH","CGND-HRA-00326"
"ENSG00000261426","5","Cerebellum","NEUWC334RTZ","CGND-HRA-01372"
"ENSG00000261426","38","Cerebellum","NEUWD570BTK","CGND-HRA-01378"
"ENSG00000261426","19","Cerebellum","NEUWG326WUJ","CGND-HRA-01619"
"ENSG00000261426","7","Cerebellum","NEUWG523WRV","CGND-HRA-00639-2"
"ENSG00000261426","5","Cerebellum","NEUWK953TJN","CGND-HRA-02450"
"ENSG00000261426","18","Cerebellum","NEUWL993GU2","CGND-HRA-00676"
"ENSG00000261426","3","Cerebellum","NEUWP285RM6","CGND-HRA-00416"
"ENSG00000261426","5","Cerebellum","NEUWT414AYT","CGND-HRA-02181"
"ENSG00000261426","4","Cerebellum","NEUWX051HMF","CGND-HRA-01442"
"ENSG00000261426","5","Cerebellum","NEUWX086DGZ","CGND-HRA-00075"
"ENSG00000261426","3","Cerebellum","NEUWZ373ZHA","CGND-HRA-00311"
"ENSG00000261426","14","Cerebellum","NEUWZ841BRT","CGND-HRA-03265"
"ENSG00000261426","7","Cerebellum","NEUXD265LJ8","CGND-HRA-01657"
"ENSG00000261426","4","Cerebellum","NEUXD817GGZ","CGND-HRA-00718"
"ENSG00000261426","1","Cerebellum","NEUXD817GGZ","CGND-HRA-02220"
"ENSG00000261426","12","Cerebellum","NEUXF746MEU","CGND-HRA-02462"
"ENSG00000261426","2","Cerebellum","NEUXR145UBL","CGND-HRA-01358"
"ENSG00000261426","4","Cerebellum","NEUXT258BD4","CGND-HRA-00728"
"ENSG00000261426","5","Cerebellum","NEUXT979EZV","CGND-HRA-00078"
"ENSG00000261426","11","Cerebellum","NEUXV447YXF","CGND-HRA-03421"
"ENSG00000261426","14","Cerebellum","NEUXW599BNC","CGND-HRA-01311"
"ENSG00000261426","2","Cerebellum","NEUXY076JMB","CGND-HRA-00662"
"ENSG00000261426","12","Cerebellum","NEUYB686REL","CGND-HRA-00079"
"ENSG00000261426","4","Cerebellum","NEUYE611NWL","CGND-HRA-03330"
"ENSG00000261426","6","Cerebellum","NEUYJ579GT6","CGND-HRA-02175"
"ENSG00000261426","6","Cerebellum","NEUYM351YP3","CGND-HRA-02480"
"ENSG00000261426","9","Cerebellum","NEUYT145HVC","CGND-HRA-02156"
"ENSG00000261426","2","Cerebellum","NEUYT145HVC","CGND-HRA-03614"
"ENSG00000261426","3","Cerebellum","NEUYV496XLP","CGND-HRA-00070"
"ENSG00000261426","8","Cerebellum","NEUYW563PXU","CGND-HRA-02493-2"
"ENSG00000261426","10","Cerebellum","NEUYX020CB0","CGND-HRA-00386"
"ENSG00000261426","2","Cerebellum","NEUYY221HZA","CGND-HRA-00724"
"ENSG00000261426","7","Cerebellum","NEUZB953VCD","CGND-HRA-00598"
"ENSG00000261426","9","Cerebellum","NEUZK186ZK4","CGND-HRA-00202"
"ENSG00000261426","6","Cerebellum","NEUZU200WEQ","CGND-HRA-00071"
"ENSG00000261426","6","Cerebellum","NEUZV622ZHF","CGND-HRA-00636"
"ENSG00000261426","2","Cerebellum","NEUZX073BDK","CGND-HRA-00372"
"ENSG00000261426","0","Cerebellum","NEUZX847VWV-NEUWR459TCY","CGND-HRA-01556"
"ENSG00000277505","0","Cerebellum","GWF14-01","CGND-HRA-00295"
"ENSG00000277505","0","Cerebellum","JHU10","CGND-HRA-00106"
"ENSG00000277505","0","Cerebellum","JHU12","CGND-HRA-00108"
"ENSG00000277505","0","Cerebellum","JHU14","CGND-HRA-00110"
"ENSG00000277505","0","Cerebellum","JHU15","CGND-HRA-00111"
"ENSG00000277505","0","Cerebellum","JHU21","CGND-HRA-00117-2"
"ENSG00000277505","0","Cerebellum","JHU22","CGND-HRA-00118"